{
  "timestamp": "2026-03-19T17:04:33.354Z",
  "verdict": "PASS",
  "experiments": [
    {
      "experiment": "ek_convergence",
      "pass": true,
      "results": [
        {
          "N": 100,
          "slope": -1.2815771642127953,
          "binsWithEnergy": 11,
          "maxE": 0.12903516913212096,
          "spectrum": [
            0.12903516913212096,
            0,
            0.017464066224765724,
            0.0012386057313111569,
            0.012451041118694451,
            0.0044839083242093096,
            0.007427267936111231,
            0.0040640943760745975,
            0.005900993466687716,
            0.002233451291848076,
            0.004335602916377759,
            0.0041549423763593135
          ],
          "wavenumbers": [
            2.264374331839906,
            4.528748663679812,
            6.793122995519718,
            9.057497327359624,
            11.321871659199529,
            13.586245991039435,
            15.85062032287934,
            18.114994654719247,
            20.37936898655915,
            22.643743318399057,
            24.90811765023896,
            27.17249198207887
          ]
        },
        {
          "N": 200,
          "slope": -2.36669323765793,
          "binsWithEnergy": 6,
          "maxE": 0.23006591618749814,
          "spectrum": [
            0.23006591618749814,
            0,
            0.03413613087459117,
            0,
            0.014199100087658928,
            0,
            0.0027839039624532585,
            0,
            0.0007520130710341743,
            0,
            0.0014197489407356328,
            0
          ],
          "wavenumbers": [
            2.2809917427150737,
            4.561983485430147,
            6.842975228145221,
            9.123966970860295,
            11.404958713575368,
            13.685950456290442,
            15.966942199005516,
            18.24793394172059,
            20.528925684435663,
            22.809917427150737,
            25.090909169865807,
            27.371900912580884
          ]
        },
        {
          "N": 400,
          "slope": -2.0767727890876424,
          "binsWithEnergy": 6,
          "maxE": 0.43631432834710354,
          "spectrum": [
            0.43631432834710354,
            0,
            0.0425567434787895,
            0,
            0.014609626011575316,
            0,
            0.01012754340421157,
            0,
            0.003980314791980285,
            0,
            0.0028581785952348266,
            0
          ],
          "wavenumbers": [
            2.164041710482225,
            4.32808342096445,
            6.4921251314466755,
            8.6561668419289,
            10.820208552411126,
            12.984250262893351,
            15.148291973375576,
            17.3123336838578,
            19.476375394340028,
            21.64041710482225,
            23.804458815304475,
            25.968500525786702
          ]
        }
      ],
      "avgSlope": -1.9083477303194558
    },
    {
      "experiment": "kh_sweep",
      "pass": true,
      "results": [
        {
          "wavelength": 8,
          "k": 0.7853981633974483,
          "wf": 0.5,
          "ampBefore": 0.010000000000000002,
          "ampAfter": 0.06698720002190707,
          "growthRatio": 6.698720002190706,
          "analyticGrowthRate": 0.39269908169872414,
          "analyticGrowth": 1.1250300253605574,
          "measuredGrowthRate": 6.339721545654856,
          "growthRateRatio": 16.143968349074584,
          "growthHistory": [
            {
              "step": 0,
              "amp": 0.010000000000000002
            },
            {
              "step": 10,
              "amp": 0.0029161346620108653
            },
            {
              "step": 20,
              "amp": 0.01581988381234965
            },
            {
              "step": 30,
              "amp": 0.02868912080676888
            },
            {
              "step": 40,
              "amp": 0.04150748935890505
            },
            {
              "step": 50,
              "amp": 0.0542782917622113
            },
            {
              "step": 60,
              "amp": 0.06698720002190707
            }
          ]
        },
        {
          "wavelength": 4,
          "k": 1.5707963267948966,
          "wf": 1,
          "ampBefore": 0.009999999999999998,
          "ampAfter": 0.028149163661895713,
          "growthRatio": 2.8149163661895718,
          "analyticGrowthRate": 0.7853981633974483,
          "analyticGrowth": 1.2656925579627765,
          "measuredGrowthRate": 3.4497751703110358,
          "growthRateRatio": 4.392390167285492,
          "growthHistory": [
            {
              "step": 0,
              "amp": 0.009999999999999998
            },
            {
              "step": 10,
              "amp": 0.0046720844820573515
            },
            {
              "step": 20,
              "amp": 0.0009414218944093851
            },
            {
              "step": 30,
              "amp": 0.007127243154069745
            },
            {
              "step": 40,
              "amp": 0.013766229172693895
            },
            {
              "step": 50,
              "amp": 0.02075377572958251
            },
            {
              "step": 60,
              "amp": 0.028149163661895713
            }
          ]
        },
        {
          "wavelength": 2,
          "k": 3.141592653589793,
          "wf": 2,
          "ampBefore": 0.010000000000000002,
          "ampAfter": 0.0533996578852585,
          "growthRatio": 5.339965788525849,
          "analyticGrowthRate": 1.5707963267948966,
          "analyticGrowth": 1.6019776512823565,
          "measuredGrowthRate": 5.584064154361605,
          "growthRateRatio": 3.5549256508356555,
          "growthHistory": [
            {
              "step": 0,
              "amp": 0.010000000000000002
            },
            {
              "step": 10,
              "amp": 0.015327167737725435
            },
            {
              "step": 20,
              "amp": 0.02119933288478807
            },
            {
              "step": 30,
              "amp": 0.02815701418937876
            },
            {
              "step": 40,
              "amp": 0.03595541446647997
            },
            {
              "step": 50,
              "amp": 0.044343418041570506
            },
            {
              "step": 60,
              "amp": 0.0533996578852585
            }
          ]
        },
        {
          "wavelength": 1,
          "k": 6.283185307179586,
          "wf": 4,
          "ampBefore": 0.010000000000000002,
          "ampAfter": 0.06954967575309692,
          "growthRatio": 6.954967575309691,
          "analyticGrowthRate": 3.141592653589793,
          "analyticGrowth": 2.566332395208135,
          "measuredGrowthRate": 6.464853877651597,
          "growthRateRatio": 2.0578269019901176,
          "growthHistory": [
            {
              "step": 0,
              "amp": 0.010000000000000002
            },
            {
              "step": 10,
              "amp": 0.01521863032828985
            },
            {
              "step": 20,
              "amp": 0.02204753505493744
            },
            {
              "step": 30,
              "amp": 0.03138037048159496
            },
            {
              "step": 40,
              "amp": 0.0425654170424973
            },
            {
              "step": 50,
              "amp": 0.05527680558033227
            },
            {
              "step": 60,
              "amp": 0.06954967575309692
            }
          ]
        }
      ]
    },
    {
      "experiment": "enstrophy_balance",
      "pass": true,
      "enstrophyStart": 263.92760326056776,
      "enstrophyEnd": 274.4654567937109,
      "enstrophyChangeRatio": 1.0399270610688625,
      "vortConservation": 0.005571132579929768,
      "avgProdDissRatio": 1.7964177963101193,